{
  "3.10": {
    "get-pip": {
      "sha256": "dfe9fd5c28dc98b5ac17979a953ea550cec37ae1b47a5116007395bfacff2ab9",
      "url": "https://github.com/pypa/get-pip/raw/dbf0c85f76fb6e1ab42aa672ffca6f0a675d9ee4/public/get-pip.py",
      "version": "https://github.com/pypa/get-pip/commit/dbf0c85f76fb6e1ab42aa672ffca6f0a675d9ee4"
    },
    "pip": {
      "version": "23.0.1"
    },
    "setuptools": {
      "version": "65.5.1"
    },
    "variants": [
      "bookworm",
      "slim-bookworm",
      "bullseye",
      "slim-bullseye",
      "alpine3.19",
      "alpine3.18"
    ],
    "version": "3.10.13"
  },
  "3.11": {
    "get-pip": {
      "sha256": "dfe9fd5c28dc98b5ac17979a953ea550cec37ae1b47a5116007395bfacff2ab9",
      "url": "https://github.com/pypa/get-pip/raw/dbf0c85f76fb6e1ab42aa672ffca6f0a675d9ee4/public/get-pip.py",
      "version": "https://github.com/pypa/get-pip/commit/dbf0c85f76fb6e1ab42aa672ffca6f0a675d9ee4"
    },
    "pip": {
      "version": "24.0"
    },
    "setuptools": {
      "version": "65.5.1"
    },
    "variants": [
      "bookworm",
      "slim-bookworm",
      "bullseye",
      "slim-bullseye",
      "alpine3.19",
      "alpine3.18",
      "windows/windowsservercore-ltsc2022",
      "windows/windowsservercore-1809"
    ],
    "version": "3.11.8"
  },
  "3.12": {
    "get-pip": {
      "sha256": "dfe9fd5c28dc98b5ac17979a953ea550cec37ae1b47a5116007395bfacff2ab9",
      "url": "https://github.com/pypa/get-pip/raw/dbf0c85f76fb6e1ab42aa672ffca6f0a675d9ee4/public/get-pip.py",
      "version": "https://github.com/pypa/get-pip/commit/dbf0c85f76fb6e1ab42aa672ffca6f0a675d9ee4"
    },
    "pip": {
      "version": "24.0"
    },
    "variants": [
      "bookworm",
      "slim-bookworm",
      "bullseye",
      "slim-bullseye",
      "alpine3.19",
      "alpine3.18",
      "windows/windowsservercore-ltsc2022",
      "windows/windowsservercore-1809"
    ],
    "version": "3.12.2"
  },
  "3.13-rc": {
    "get-pip": {
      "sha256": "dfe9fd5c28dc98b5ac17979a953ea550cec37ae1b47a5116007395bfacff2ab9",
      "url": "https://github.com/pypa/get-pip/raw/dbf0c85f76fb6e1ab42aa672ffca6f0a675d9ee4/public/get-pip.py",
      "version": "https://github.com/pypa/get-pip/commit/dbf0c85f76fb6e1ab42aa672ffca6f0a675d9ee4"
    },
    "pip": {
      "version": "24.0"
    },
    "variants": [
      "bookworm",
      "slim-bookworm",
      "bullseye",
      "slim-bullseye",
      "alpine3.19",
      "alpine3.18",
      "windows/windowsservercore-ltsc2022",
      "windows/windowsservercore-1809"
    ],
    "version": "3.13.0a4"
  },
  "3.8": {
    "get-pip": {
      "sha256": "dfe9fd5c28dc98b5ac17979a953ea550cec37ae1b47a5116007395bfacff2ab9",
      "url": "https://github.com/pypa/get-pip/raw/dbf0c85f76fb6e1ab42aa672ffca6f0a675d9ee4/public/get-pip.py",
      "version": "https://github.com/pypa/get-pip/commit/dbf0c85f76fb6e1ab42aa672ffca6f0a675d9ee4"
    },
    "pip": {
      "version": "23.0.1"
    },
    "setuptools": {
      "version": "57.5.0"
    },
    "variants": [
      "bookworm",
      "slim-bookworm",
      "bullseye",
      "slim-bullseye",
      "alpine3.19",
      "alpine3.18"
    ],
    "version": "3.8.18"
  },
  "3.9": {
    "get-pip": {
      "sha256": "dfe9fd5c28dc98b5ac17979a953ea550cec37ae1b47a5116007395bfacff2ab9",
      "url": "https://github.com/pypa/get-pip/raw/dbf0c85f76fb6e1ab42aa672ffca6f0a675d9ee4/public/get-pip.py",
      "version": "https://github.com/pypa/get-pip/commit/dbf0c85f76fb6e1ab42aa672ffca6f0a675d9ee4"
    },
    "pip": {
      "version": "23.0.1"
    },
    "setuptools": {
      "version": "58.1.0"
    },
    "variants": [
      "bookworm",
      "slim-bookworm",
      "bullseye",
      "slim-bullseye",
      "alpine3.19",
      "alpine3.18"
    ],
    "version": "3.9.18"
  }
}
